stadsdeel,postcode_min,postcode_max
A,1011AB,1011BD
A,1011BG,1011CE
A,1011CH,1011CZ
A,1011DB,1011DD
A,1011DG,1011DL
A,1011DZ,1011EN
A,1011ER,1011GD
A,1011GG,1011JD
A,1011JG,1011KE
A,1011KH,1011KK
A,1011KM,1011LE
A,1011LH,1011MC
A,1011ME,1011ML
A,1011MN,1011MV
A,1011MX,1011NH
A,1011NK,1011NK
A,1011NM,1011NS
A,1011NV,1011NV
A,1011NX,1011PG
A,1011PL,1011PN
A,1011PT,1011PW
A,1011PZ,1011SG
A,1011SK,1011SK
A,1011SM,1011TG
A,1011TJ,1011VM
A,1011VP,1011VT
A,1011VW,1011VZ
A,1011WB,1011WD
A,1011XA,1011XA
A,1012AA,1012JP
A,1012JS,1012JW
A,1012JZ,1012JZ
A,1012KB,1012KG
A,1012KJ,1012ML
A,1012MN,1012MV
A,1012MX,1012NP
A,1012NS,1012VK
A,1012VM,1012VZ
A,1012WB,1012WC
A,1012WE,1012WL
A,1012WN,1012WV
A,1012WX,1012XT
A,1012XW,1012ZA
A,1012ZD,1012ZL
A,1013AA,1013AB
A,1013AD,1013AG
A,1013AV,1013AV
A,1013AZ,1013AZ
A,1013BH,1013BH
A,1013BP,1013BR
A,1013BV,1013BX
A,1013CG,1013CG
A,1013CT,1013CT
A,1013CW,1013CW
A,1013DA,1013DP
A,1013EA,1013GT
A,1013GW,1013HH
A,1013HK,1013KX
A,1013LA,1013LC
A,1013LE,1013LJ
A,1013LL,1013LR
A,1013LT,1013LV
A,1013LX,1013MN
A,1013MR,1013MV
A,1015AA,1015AW
A,1015BA,1015CL
A,1015CN,1015EB
A,1015GA,1015GZ
A,1015HB,1015MB
A,1015MD,1015ML
A,1015MN,1015MV
A,1015MX,1015NL
A,1015NP,1015RN
A,1015RR,1015TE
A,1015TH,1015VZ
A,1015WB,1015WL
A,1015WN,1015WV
A,1015WX,1015XE
A,1015XH,1015XX
A,1015ZA,1015ZB
A,1015ZD,1015ZL
A,1015ZN,1015ZR
A,1016AA,1016CT
A,1016CW,1016JC
A,1016KA,1016MC
A,1016NA,1016NV
A,1016NX,1016SC
A,1016SG,1016SV
A,1016SX,1016VZ
A,1016WB,1016WC
A,1016XA,1016XN
A,1016XR,1016ZB
A,1017AA,1017AS
A,1017AV,1017MC
A,1017NA,1017NV
A,1017NX,1017VZ
A,1017WB,1017WL
A,1017WN,1017WP
A,1017WS,1017WV
A,1017WZ,1017ZX
A,1018AA,1018BZ
A,1018CC,1018CH
A,1018CK,1018DT
A,1018DW,1018EG
A,1018EJ,1018GB
A,1018GD,1018KX
A,1018LE,1018PL
A,1018PR,1018RL
A,1018RR,1018WW
A,1018WZ,1018ZA
A,1018ZC,1018ZZ
A,1019BS,1019BT
B,1013AC,1013AC
B,1013AK,1013AK
B,1013AM,1013AR
B,1013BB,1013BG
B,1013BJ,1013BM
B,1013BS,1013BT
B,1013CX,1013CX
B,1014AJ,1014AK
B,1014AM,1014AX
B,1014BA,1014BD
B,1014BH,1014BK
B,1014BM,1014BP
B,1014BS,1014BW
B,1014BZ,1014BZ
B,1014CC,1014CC
B,1014CE,1014CE
B,1041AB,1041BA
B,1041BC,1041BE
B,1042AA,1042AH
B,1042AK,1042AL
B,1042AN,1042AV
B,1042AX,1042BB
B,1043AC,1043AR
B,1043AX,1043AX
B,1043BA,1043BD
B,1043BJ,1043BL
B,1043BP,1043BP
B,1043BS,1043BS
B,1043BW,1043CB
B,1043CE,1043CE
B,1043CH,1043CH
B,1043CM,1043CM
B,1043CP,1043CR
B,1043CT,1043CT
B,1043DE,1043DL
B,1043DP,1043DW
B,1043EA,1043EC
B,1043EJ,1043EJ
B,1043EW,1043EZ
B,1043GK,1043GR
B,1043GV,1043GW
B,1043HP,1043HS
B,1043NT,1043NV
B,1043NX,1043NZ
B,1044AB,1044AB
B,1044AD,1044AN
B,1044AS,1044AS
B,1045AA,1045AA
B,1045AC,1045AG
B,1045AL,1045AM
B,1045AP,1045AV
B,1045AX,1045BA
B,1046AA,1046AN
B,1046AR,1046AW
B,1046BA,1046BS
B,1046BV,1046BW
B,1046BZ,1046CC
B,1046CH,1046CK
B,1046PP,1046PP
B,1047AC,1047AH
B,1047AV,1047AW
B,1047AZ,1047BE
B,1047BJ,1047BJ
B,1047BM,1047BM
B,1047BP,1047BP
B,1047HB,1047HB
B,1047HD,1047HD
B,1047HH,1047HK
B,1047HM,1047HP
E,1013AE,1013AE
E,1013AH,1013AL
E,1013AS,1013AT
E,1013AW,1013AX
E,1013BX,1013CE
E,1013CH,1013CS
E,1013CZ,1013CZ
E,1013DR,1013DZ
E,1013LC,1013LD
E,1013MP,1013MR
E,1013MV,1013MV
E,1013MX,1013NV
E,1013NX,1013PX
E,1013RA,1013TP
E,1013TX,1013TX
E,1013VB,1013VB
E,1013VD,1013VD
E,1013VG,1013VZ
E,1013WB,1013WL
E,1013WN,1013WV
E,1013WZ,1013XH
E,1013XL,1013XM
E,1013XP,1013ZZ
E,1014AA,1014AA
E,1014AC,1014AK
E,1014AZ,1014AZ
E,1014BE,1014BG
E,1014BL,1014BL
E,1014BX,1014BX
E,1014CB,1014CB
E,1014DA,1014DD
E,1015ZE,1015ZG
E,1051AA,1051AC
E,1051AK,1051AP
E,1051AS,1051BE
E,1051BH,1051DG
E,1051EA,1051HS
E,1051HV,1051KJ
E,1051KM,1051LH
E,1051LK,1051MK
E,1051NA,1051NL
E,1051NN,1051NN
E,1051NV,1051PZ
E,1051RE,1051RL
E,1051TG,1051VZ
E,1051XA,1051XA
E,1051XC,1051XW
E,1051XZ,1051XZ
E,1052AA,1052CC
E,1052CE,1052DA
E,1052DC,1052DG
E,1052EA,1052EJ
E,1052EL,1052GX
E,1052HA,1052KX
E,1052LA,1052LX
E,1052MA,1052MA
E,1052MZ,1052NP
E,1052RH,1052RL
E,1052RN,1052RW
E,1052RZ,1052SJ
E,1052SL,1052SX
E,1052TB,1052TD
E,1052TJ,1052VZ
E,1052WB,1052WL
E,1052WN,1052WT
E,1052XA,1052XT
E,1052XW,1052XZ
E,1053AA,1053BZ
E,1053CC,1053CH
E,1053CK,1053EX
E,1053GA,1053GK
E,1053GM,1053GX
E,1053HA,1053HW
E,1053JB,1053JS
E,1053JZ,1053MC
E,1053MH,1053ML
E,1053MN,1053MV
E,1053MX,1053MZ
E,1053NC,1053NP
E,1053NT,1053NV
E,1053NX,1053PH
E,1053PK,1053RJ
E,1053RL,1053RP
E,1053RS,1053RS
E,1053RV,1053TJ
E,1053TM,1053VN
E,1053VR,1053VX
E,1053WB,1053WL
E,1053WN,1053WV
E,1053WX,1053XJ
E,1053XL,1053XL
E,1053XP,1053ZZ
E,1054AA,1054LH
E,1054LK,1054ML
E,1054MN,1054MV
E,1054MX,1054MX
E,1054NA,1054NN
E,1054NZ,1054PA
E,1054PD,1054PD
E,1054PG,1054PJ
E,1054PL,1054PW
E,1054RA,1054RD
E,1054RH,1054RJ
E,1054RL,1054RM
E,1054RS,1054RZ
E,1054SC,1054SP
E,1054SX,1054VZ
E,1054WB,1054WL
E,1054WN,1054WV
E,1054WX,1054ZW
E,1055AA,1055AB
E,1055AD,1055AD
E,1055AG,1055AG
E,1055AJ,1055AK
E,1055AM,1055ET
E,1055EW,1055ML
E,1055MN,1055MV
E,1055MX,1055SC
E,1055SN,1055VZ
E,1055WB,1055WL
E,1055WN,1055WV
E,1055WX,1055ZZ
E,1056AA,1056LE
E,1056LV,1056LV
E,1056ND,1056VZ
E,1056WB,1056WL
E,1056WN,1056WV
E,1056WX,1056XZ
E,1057AA,1057CK
E,1057CM,1057KH
E,1057KN,1057KP
E,1057NE,1057NE
E,1057PJ,1057VZ
E,1057WB,1057WL
E,1057WN,1057WV
E,1057WX,1057ZZ
E,1058AA,1058DX
E,1058GK,1058GK
E,1058GP,1058HC
E,1058VD,1058VZ
E,1058XA,1058XZ
E,1061AZ,1061BM
E,1061BT,1061CC
E,1061CE,1061CS
E,1061CV,1061DM
E,1061DP,1061HT
E,1061HW,1061HW
E,1061JB,1061JE
E,1061MA,1061MJ
E,1071AA,1071AA
F,1043AA,1043AA
F,1043BE,1043BH
F,1046AP,1046AP
F,1046AZ,1046AZ
F,1057BW,1057BW
F,1057NG,1057PH
F,1058EA,1058ET
F,1058GA,1058GD
F,1058LV,1058LV
F,1058LX,1058LZ
F,1058NP,1058NP
F,1059EP,1059GL
F,1059TT,1059VM
F,1059WB,1059WE
F,1060LG,1060LJ
F,1060LP,1060LZ
F,1060MB,1060ML
F,1060MN,1060MV
F,1060MX,1060MZ
F,1060NB,1060TZ
F,1061AA,1061AZ
F,1061SB,1061SE
F,1061SR,1061ST
F,1061SW,1061TA
F,1061TC,1061VC
F,1061VK,1061VL
F,1061VP,1061VR
F,1061VV,1061VZ
F,1061WB,1061WB
F,1061XA,1061XZ
F,1062AA,1062BE
F,1062BJ,1062CG
F,1062CJ,1062DN
F,1062DR,1062DR
F,1062EA,1062EG
F,1062EP,1062ES
F,1062EV,1062EV
F,1062GA,1062GA
F,1062GD,1062HW
F,1062JB,1062JB
F,1062JN,1062JX
F,1062KA,1062KM
F,1062KR,1062LC
F,1062XD,1062XZ
F,1063AA,1063AV
F,1063AX,1063CZ
F,1063EA,1063KK
F,1063KP,1063ML
F,1063NA,1063PG
F,1063PJ,1063PW
F,1063SR,1063VZ
F,1063XA,1063ZZ
F,1064AA,1064DG
F,1064EA,1064GS
F,1064GV,1064LZ
F,1064MB,1064ML
F,1064MN,1064MV
F,1064NA,1064PC
F,1064PE,1064PR
F,1064PX,1064VZ
F,1064WB,1064WJ
F,1064WN,1064WV
F,1064WX,1064WZ
F,1064XB,1064XJ
F,1064ZB,1064ZB
F,1064ZD,1064ZD
F,1064ZG,1064ZZ
F,1065AA,1065DC
F,1065DZ,1065GJ
F,1065GN,1065JJ
F,1065JM,1065LH
F,1065LK,1065LZ
F,1065MB,1065MB
F,1065NK,1065NS
F,1065RA,1065RA
F,1065SH,1065VD
F,1065VG,1065VZ
F,1065XA,1065XZ
F,1066AA,1066DA
F,1066DC,1066DJ
F,1066DM,1066EA
F,1066EC,1066EC
F,1066EE,1066EW
F,1066EZ,1066EZ
F,1066GD,1066KN
F,1066KR,1066LG
F,1066LK,1066LL
F,1066LN,1066LP
F,1066LS,1066ML
F,1066MN,1066MV
F,1066MX,1066PE
F,1066PJ,1066RD
F,1066SB,1066TC
F,1066TE,1066TM
F,1066TW,1066TZ
F,1066VC,1066VC
F,1066VE,1066VE
F,1066VH,1066VH
F,1066VW,1066VX
F,1066WB,1066WE
F,1066WH,1066WL
F,1066WN,1066WV
F,1066WX,1066WZ
F,1066XJ,1066XZ
F,1067AA,1067BJ
F,1067BL,1067CH
F,1067CP,1067CS
F,1067DB,1067DJ
F,1067DX,1067EA
F,1067ED,1067ED
F,1067EH,1067EH
F,1067EM,1067EM
F,1067EP,1067GB
F,1067GE,1067HV
F,1067HX,1067JM
F,1067JP,1067LZ
F,1067MB,1067ML
F,1067MN,1067MP
F,1067MT,1067MV
F,1067MX,1067NW
F,1067PB,1067PR
F,1067PT,1067PW
F,1067PZ,1067PZ
F,1067RC,1067RC
F,1067RG,1067RL
F,1067RV,1067TE
F,1067TH,1067VZ
F,1067WB,1067WL
F,1067WN,1067WV
F,1067WZ,1067ZZ
F,1068AA,1068GR
F,1068GT,1068HJ
F,1068HX,1068LA
F,1068LD,1068ML
F,1068MN,1068MV
F,1068MX,1068NR
F,1068NT,1068PD
F,1068PH,1068PR
F,1068RA,1068TD
F,1068TG,1068TG
F,1068VM,1068VZ
F,1068WB,1068WL
F,1068WN,1068WV
F,1068WX,1068ZJ
F,1068ZT,1068ZZ
F,1069AA,1069AG
F,1069AJ,1069AJ
F,1069AL,1069AL
F,1069AT,1069AV
F,1069BB,1069CG
F,1069CL,1069CL
F,1069CW,1069DA
F,1069DG,1069GV
F,1069GZ,1069GZ
F,1069HB,1069HB
F,1069HD,1069HD
F,1069HK,1069HK
F,1069HM,1069HR
F,1069HT,1069HV
F,1069HX,1069JA
F,1069JC,1069JC
F,1069JR,1069JR
F,1069JT,1069JT
F,1069KA,1069KB
F,1069KD,1069KG
F,1069KJ,1069KJ
F,1069KS,1069KS
F,1069KV,1069KW
F,1069LA,1069LH
F,1069LK,1069LN
F,1069LR,1069LW
F,1069MC,1069ML
F,1069MN,1069MN
F,1069MS,1069MV
F,1069MX,1069MZ
F,1069NB,1069PX
F,1069RA,1069RN
F,1069RR,1069RV
F,1069SC,1069SH
F,1069SR,1069SR
F,1069SZ,1069SZ
F,1069TM,1069VZ
F,1069WB,1069WL
F,1069WN,1069WV
F,1069WX,1069ZR
F,1069ZW,1069ZW
F,1069ZZ,1069ZZ
K,1058GH,1058GJ
K,1058GL,1058GN
K,1058HD,1058LT
K,1058NA,1058NP
K,1058PB,1058PD
K,1058SB,1058VC
K,1059AA,1059CZ
K,1059EA,1059EN
K,1059SP,1059TS
K,1059VN,1059VZ
K,1059XA,1059XZ
K,1071AA,1071ML
K,1071MN,1071MV
K,1071MX,1071NV
K,1071NX,1071SZ
K,1071TC,1071VZ
K,1071WB,1071WL
K,1071WN,1071WV
K,1071WX,1071ZZ
K,1072AA,1072AZ
K,1072BB,1072DA
K,1072EA,1072HV
K,1072JA,1072KA
K,1072KD,1072KK
K,1072KN,1072KP
K,1072KV,1072LW
K,1072LZ,1072MB
K,1072ME,1072MH
K,1072MK,1072ML
K,1072MN,1072MN
K,1072NA,1072NV
K,1072NX,1072PJ
K,1072PL,1072PN
K,1072RA,1072RG
K,1072RS,1072RX
K,1072SB,1072VZ
K,1072XA,1072ZA
K,1073AA,1073CZ
K,1073EA,1073JX
K,1073KA,1073KD
K,1073KG,1073LZ
K,1073NA,1073ND
K,1073PW,1073SZ
K,1073TB,1073VZ
K,1073XA,1073XZ
K,1074AA,1074BT
K,1074CA,1074DB
K,1074EA,1074GA
K,1074GC,1074GD
K,1074GG,1074GS
K,1074GX,1074JM
K,1074SP,1074TC
K,1074TK,1074VZ
K,1074XA,1074XZ
K,1075AA,1075CZ
K,1075EA,1075HW
K,1075KA,1075KA
K,1075KH,1075KN
K,1075KT,1075LZ
K,1075NB,1075NV
K,1075NX,1075RJ
K,1075RM,1075TZ
K,1075VB,1075VZ
K,1075XA,1075XZ
K,1076AA,1076CK
K,1076CM,1076CW
K,1076CZ,1076DA
K,1076DE,1076DE
K,1076DK,1076DZ
K,1076EC,1076EE
K,1076EL,1076EL
K,1076EP,1076EX
K,1076GR,1076GW
K,1076HR,1076JV
K,1076KJ,1076LZ
K,1076NA,1076NH
K,1076NM,1076NV
K,1076NX,1076VZ
K,1076XA,1076XZ
K,1077AA,1077CX
K,1077DA,1077ML
K,1077MN,1077MV
K,1077MX,1077NV
K,1077NX,1077VZ
K,1077WB,1077WV
K,1077WX,1077XM
K,1077XP,1077XR
K,1077XV,1077ZZ
K,1078AA,1078ML
K,1078MN,1078MV
K,1078MX,1078RW
K,1078SR,1078VZ
K,1078WB,1078WB
K,1078XA,1078XZ
K,1079AA,1079HW
K,1079JA,1079JW
K,1079KA,1079LH
K,1079LK,1079ML
K,1079MN,1079MV
K,1079MX,1079MZ
K,1079NB,1079NV
K,1079NX,1079NX
K,1079PA,1079PB
K,1079PD,1079RL
K,1079RN,1079RW
K,1079SK,1079SK
K,1079SR,1079VZ
K,1079WB,1079WL
K,1079WN,1079WV
K,1079WX,1079XD
K,1079XJ,1079ZZ
K,1081AA,1081DA
K,1081EA,1081HV
K,1081HX,1081JX
K,1081KA,1081KM
K,1081KP,1081KS
K,1081LA,1081LC
K,1082AA,1082CW
K,1082DB,1082DD
K,1082EA,1082GG
K,1082GK,1082KN
K,1082KR,1082KR
K,1082KT,1082LB
K,1082LD,1082MK
K,1082MM,1082MM
K,1082MP,1082MV
K,1082NA,1082NA
K,1082NC,1082NV
K,1082PA,1082PB
K,1082PP,1082PP
K,1082RA,1082VZ
K,1082XC,1082XZ
K,1083AA,1083CN
K,1083CR,1083DG
K,1083EA,1083EN
K,1083GA,1083GX
K,1083HA,1083HJ
K,1083HL,1083HP
K,1083HZ,1083JR
K,1083KA,1083KE
K,1083MA,1083MA
K,1083ME,1083MG
K,1083TC,1083VZ
K,1083XD,1083XZ
M,1019AA,1019AL
M,1019AP,1019AP
M,1019AS,1019AZ
M,1019BB,1019BB
M,1019BD,1019BR
M,1019BV,1019CV
M,1019CX,1019GX
M,1019HA,1019HZ
M,1019JC,1019JL
M,1019JN,1019JN
M,1019JR,1019JR
M,1019JT,1019MK
M,1019MN,1019MS
M,1019NA,1019NE
M,1019NH,1019NJ
M,1019NL,1019NN
M,1019PA,1019SL
M,1019SZ,1019TT
M,1019TW,1019TZ
M,1019WB,1019WG
M,1019WJ,1019WL
M,1019WN,1019WN
M,1019WR,1019WV
M,1019WX,1019XH
M,1086VA,1086VJ
M,1086VL,1086VL
M,1086WB,1086WC
M,1086WE,1086WH
M,1086XK,1086XK
M,1086XP,1086ZM
M,1086ZP,1086ZV
M,1087AT,1087AZ
M,1087BB,1087BC
M,1087BE,1087BE
M,1087BN,1087BW
M,1087BZ,1087BZ
M,1087CB,1087CN
M,1087DA,1087DC
M,1087DE,1087DS
M,1087EB,1087EB
M,1087EG,1087ER
M,1087GC,1087GE
M,1087GJ,1087GN
M,1087GT,1087GT
M,1087GX,1087HA
M,1087HC,1087HC
M,1087HM,1087HP
M,1087HS,1087HX
M,1087JA,1087JK
M,1087JT,1087JW
M,1087KA,1087KR
M,1087LA,1087LH
M,1087LL,1087LS
M,1087MA,1087ML
M,1087MN,1087MN
M,1087MR,1087MS
M,1087NA,1087NJ
M,1087SB,1087SL
M,1087VA,1087VA
M,1091AA,1091BL
M,1091BP,1091BZ
M,1091CB,1091DC
M,1091DE,1091ET
M,1091EW,1091HC
M,1091HE,1091LZ
M,1091MD,1091MH
M,1091ML,1091ML
M,1091MR,1091MS
M,1091MX,1091NK
M,1091NN,1091PT
M,1091PW,1091PX
M,1091RA,1091RJ
M,1091RP,1091SM
M,1091ST,1091VZ
M,1091WS,1091WV
M,1091WX,1091WZ
M,1091XB,1091XK
M,1091XM,1091ZC
M,1091ZE,1091ZE
M,1092AA,1092CS
M,1092CW,1092CZ
M,1092EA,1092GP
M,1092GS,1092KA
M,1092KC,1092KP
M,1092KS,1092KS
M,1092KZ,1092LC
M,1092MA,1092MA
M,1092SB,1092SE
M,1092SW,1092SX
M,1092TA,1092VE
M,1092VJ,1092VS
M,1092VV,1092VZ
M,1092XA,1092XD
M,1092XP,1092XT
M,1092XW,1092XZ
M,1093AA,1093AA
M,1093AD,1093AG
M,1093AK,1093AK
M,1093AS,1093AW
M,1093BA,1093BB
M,1093BG,1093BK
M,1093BP,1093BP
M,1093BS,1093CH
M,1093CL,1093CS
M,1093CV,1093CV
M,1093CX,1093CZ
M,1093DC,1093DL
M,1093EA,1093EL
M,1093EN,1093HZ
M,1093JB,1093JG
M,1093JK,1093KP
M,1093KS,1093KS
M,1093LA,1093LA
M,1093LC,1093LC
M,1093LE,1093LE
M,1093MA,1093ME
M,1093MJ,1093MK
M,1093NA,1093NB
M,1093NE,1093NJ
M,1093RP,1093SC
M,1093SH,1093TS
M,1093TV,1093TV
M,1093TX,1093TX
M,1093VA,1093VZ
M,1093WZ,1093XA
M,1093XC,1093XD
M,1093XG,1093XS
M,1093XV,1093XV
M,1093XX,1093ZB
M,1094AA,1094BM
M,1094BP,1094BV
M,1094BX,1094BX
M,1094CA,1094CG
M,1094CJ,1094CZ
M,1094EA,1094EJ
M,1094EL,1094ET
M,1094EW,1094GT
M,1094GX,1094JC
M,1094JE,1094LZ
M,1094ME,1094MH
M,1094MK,1094MK
M,1094NA,1094PG
M,1094PJ,1094PT
M,1094PW,1094RE
M,1094RH,1094RH
M,1094RK,1094RL
M,1094RN,1094TL
M,1094TR,1094TS
M,1094TV,1094TV
M,1094TX,1094TX
M,1094VA,1094VA
M,1094XB,1094ZD
M,1095AA,1095BD
M,1095BJ,1095CD
M,1095CH,1095CS
M,1095CV,1095DK
M,1095DM,1095DX
M,1095EA,1095EA
M,1095EC,1095EG
M,1095EJ,1095GL
M,1095GP,1095GP
M,1095GT,1095HC
M,1095HG,1095HH
M,1095HK,1095KP
M,1095KS,1095LJ
M,1095MA,1095MA
M,1095MD,1095MD
M,1095RP,1095RP
M,1095RZ,1095RZ
M,1095SC,1095SK
M,1095ST,1095SV
M,1095SZ,1095TA
M,1095TD,1095TJ
M,1095TL,1095TV
M,1095VA,1095VZ
M,1095WB,1095WB
M,1095WE,1095WJ
M,1095XA,1095XC
M,1095XE,1095XJ
M,1095XL,1095ZA
M,1096AA,1096AD
M,1096AG,1096AN
M,1096AS,1096AS
M,1096BA,1096BA
M,1096BC,1096BE
M,1096BH,1096BH
M,1096BK,1096BP
M,1096CJ,1096CK
M,1096CN,1096CN
M,1096CR,1096CR
M,1096DA,1096DP
M,1096GE,1096GH
M,1096GL,1096GL
M,1096HA,1096HA
M,1096HH,1096HM
M,1096HP,1096HZ
M,1097AA,1097DZ
M,1097EB,1097HT
M,1097HW,1097JG
M,1097JS,1097JS
M,1097JV,1097LX
M,1097MB,1097ML
M,1097MN,1097MV
M,1097MX,1097NV
M,1097NX,1097VZ
M,1097WB,1097WL
M,1097WN,1097WV
M,1097WX,1097ZZ
M,1098AA,1098CZ
M,1098EA,1098LZ
M,1098NA,1098SH
M,1098SK,1098TZ
M,1098VC,1098VK
M,1098VM,1098VM
M,1098VS,1098VZ
M,1098WB,1098WL
M,1098WN,1098WT
M,1098XA,1098XK
N,1021BM,1021BZ
N,1021CE,1021CZ
N,1021EA,1021GP
N,1021GS,1021GS
N,1021GV,1021GZ
N,1021HB,1021HC
N,1021HG,1021JZ
N,1021KB,1021KG
N,1021KL,1021KR
N,1021LA,1021LZ
N,1021NA,1021NB
N,1021ND,1021PA
N,1021PC,1021PK
N,1021PM,1021PT
N,1021PW,1021PX
N,1021RA,1021RB
N,1021TR,1021VZ
N,1022AB,1022BL
N,1022BN,1022BP
N,1022CA,1022CC
N,1022KB,1022KC
N,1022KE,1022KE
N,1022KH,1022KL
N,1022LB,1022LB
N,1022LD,1022LD
N,1022WV,1022WV
N,1022WX,1022XB
N,1022XD,1022XZ
N,1023AA,1023BV
N,1023BX,1023BX
N,1023CA,1023CX
N,1023EA,1023ER
N,1023NA,1023NP
N,1023NT,1023PB
N,1023SP,1023VZ
N,1023XA,1023XZ
N,1023ZB,1023ZE
N,1024AA,1024BX
N,1024CG,1024DC
N,1024EA,1024EA
N,1024EH,1024GZ
N,1024HL,1024LR
N,1024LT,1024LT
N,1024LW,1024MB
N,1024ME,1024MH
N,1024NA,1024PZ
N,1024RS,1024SP
N,1024TJ,1024VK
N,1024VR,1024VZ
N,1024WC,1024WC
N,1024WE,1024WE
N,1024XA,1024XB
N,1024XJ,1024XJ
N,1024XR,1024XS
N,1025AA,1025AT
N,1025AW,1025CD
N,1025CJ,1025KX
N,1025LA,1025LZ
N,1025MB,1025MC
N,1025ME,1025ML
N,1025MN,1025MV
N,1025MX,1025NV
N,1025NX,1025VS
N,1025VV,1025VZ
N,1025WB,1025WE
N,1025WH,1025WL
N,1025WN,1025WV
N,1025WX,1025XJ
N,1025XL,1025XL
N,1025XR,1025ZZ
N,1026BW,1026CR
N,1027AA,1027AZ
N,1027EA,1027EA
N,1027ED,1027EE
N,1027GB,1027GC
N,1027GE,1027GE
N,1028AX,1028BV
N,1031AA,1031CG
N,1031CJ,1031CL
N,1031CN,1031CX
N,1031DA,1031DB
N,1031EA,1031GH
N,1031GK,1031HH
N,1031HK,1031HR
N,1031HT,1031HX
N,1031JA,1031JE
N,1031KA,1031KD
N,1031KG,1031KG
N,1031KS,1031KT
N,1031TM,1031VZ
N,1031XA,1031XX
N,1032AA,1032CX
N,1032EA,1032EV
N,1032GA,1032KE
N,1032KH,1032KL
N,1032KN,1032KX
N,1032LA,1032LG
N,1032LJ,1032LJ
N,1032VA,1032VC
N,1032VS,1032VZ
N,1032XB,1032XZ
N,1032ZB,1032ZD
N,1032ZG,1032ZG
N,1033AA,1033BT
N,1033BW,1033DA
N,1033DC,1033MJ
N,1033ML,1033ML
N,1033MN,1033MR
N,1033MV,1033MV
N,1033MX,1033MZ
N,1033NL,1033NP
N,1033NS,1033PE
N,1033PH,1033SZ
N,1033TB,1033VZ
N,1033WB,1033WL
N,1033WN,1033WV
N,1033WX,1033ZZ
N,1034AA,1034AA
N,1034AC,1034AC
N,1034BB,1034BE
N,1034BJ,1034BX
N,1034CA,1034CH
N,1034CK,1034CN
N,1034CR,1034CS
N,1034DA,1034DD
N,1034DG,1034DG
N,1034DK,1034DN
N,1034DR,1034DW
N,1034EC,1034GJ
N,1034HC,1034HW
N,1034JA,1034JG
N,1034JJ,1034JJ
N,1034JL,1034JP
N,1034JW,1034JZ
N,1034KB,1034KE
N,1034KL,1034ML
N,1034MN,1034MV
N,1034MX,1034TV
N,1034VA,1034VD
N,1034VG,1034VG
N,1034VW,1034VZ
N,1034WB,1034WL
N,1034WN,1034WV
N,1034WX,1034WZ
N,1034XC,1034ZM
N,1034ZP,1034ZP
N,1035AA,1035BX
N,1035CA,1035CZ
N,1035EA,1035EX
N,1035GE,1035GE
N,1035HA,1035HA
N,1035HC,1035HV
N,1035HX,1035JE
N,1035JH,1035JH
N,1035JN,1035KS
N,1035KV,1035KX
N,1035LA,1035LD
N,1035MA,1035MA
N,1035MZ,1035MZ
N,1035NB,1035NH
N,1035NL,1035NX
N,1035PC,1035PK
N,1035PM,1035PX
N,1035RA,1035RA
N,1035RD,1035RJ
N,1035RL,1035RN
N,1035RW,1035RW
N,1035SB,1035SN
N,1035SR,1035TJ
N,1035TL,1035TP
N,1035TS,1035TZ
N,1035VB,1035VN
N,1035VR,1035VZ
N,1035XA,1035XZ
N,1036KC,1036KT
N,1036LB,1036LB
N,1036LD,1036LD
N,1037RK,1037RK
N,1037RP,1037RS
T,1101AA,1101AA
T,1101AE,1101AK
T,1101AM,1101AX
T,1101BA,1101BH
T,1101BK,1101CT
T,1101CX,1101CX
T,1101DJ,1101DJ
T,1101DL,1101DM
T,1101DS,1101DT
T,1101DZ,1101EE
T,1101EJ,1101EJ
T,1101EM,1101EP
T,1101EX,1101GC
T,1101GE,1101GH
T,1101HE,1101HG
T,1102AA,1102AD
T,1102AG,1102BH
T,1102BM,1102CR
T,1102CT,1102CX
T,1102DA,1102DB
T,1102DD,1102ER
T,1102GA,1102GR
T,1102HA,1102HN
T,1102JA,1102KA
T,1102LA,1102LC
T,1102MA,1102MB
T,1102ME,1102ML
T,1102MV,1102NP
T,1102PA,1102PC
T,1102PE,1102PJ
T,1102PL,1102PL
T,1102PN,1102PT
T,1102RA,1102SX
T,1102TA,1102VZ
T,1102WB,1102WB
T,1102WD,1102WL
T,1102WN,1102WV
T,1102WX,1102ZX
T,1103AA,1103AZ
T,1103BE,1103BH
T,1103BK,1103BK
T,1103BZ,1103CX
T,1103DA,1103DV
T,1103EA,1103GA
T,1103GG,1103GJ
T,1103GL,1103GM
T,1103GR,1103GT
T,1103GX,1103GZ
T,1103JB,1103JB
T,1103JL,1103JP
T,1103JT,1103ML
T,1103MN,1103MV
T,1103MX,1103NB
T,1103PA,1103RR
T,1103SB,1103SM
T,1103TA,1103TX
T,1104BB,1104BC
T,1104CA,1104CE
T,1104CH,1104CH
T,1104DA,1104DP
T,1104GA,1104HJ
T,1104HL,1104HR
T,1104HT,1104HX
T,1104JA,1104JN
T,1104KA,1104KK
T,1104KM,1104KR
T,1104KT,1104KT
T,1104LA,1104LV
T,1104MA,1104ML
T,1104MN,1104MV
T,1104MX,1104NP
T,1104NS,1104PV
T,1104RA,1104RA
T,1104SC,1104SH
T,1104SK,1104VE
T,1105AA,1105AA
T,1105AC,1105AC
T,1105AE,1105AJ
T,1105AL,1105AL
T,1105AN,1105AT
T,1105AZ,1105BA
T,1105BC,1105BK
T,1105BM,1105BR
T,1105BV,1105BX
T,1106AD,1106AH
T,1106AK,1106AK
T,1106AM,1106AX
T,1106BA,1106BK
T,1106BM,1106DV
T,1106EA,1106GW
T,1106GZ,1106LP
T,1106LT,1106MD
T,1106MH,1106MJ
T,1106ML,1106ML
T,1106MN,1106MP
T,1106MS,1106MV
T,1106MX,1106MX
T,1106NA,1106RV
T,1106SB,1106VZ
T,1106WB,1106WL
T,1106WN,1106WV
T,1106WX,1106WX
T,1106XA,1106ZT
T,1107AC,1107AR
T,1107AV,1107BB
T,1107BH,1107BL
T,1107BN,1107DM
T,1107EA,1107EB
T,1107EG,1107EG
T,1107EJ,1107EJ
T,1107ES,1107GB
T,1107GM,1107GV
T,1107HA,1107HG
T,1107HR,1107HV
T,1107HX,1107JA
T,1107JD,1107JX
T,1107KB,1107KB
T,1107KD,1107KP
T,1107KT,1107KX
T,1107LA,1107LR
T,1107NA,1107NH
T,1107NK,1107NK
T,1107PA,1107RN
T,1107RR,1107SX
T,1107TA,1107TX
T,1107VA,1107VZ
T,1107WB,1107WL
T,1107WN,1107WV
T,1107WX,1107XM
T,1107ZX,1107ZX
T,1108AA,1108AB
T,1108AJ,1108AJ
T,1108AW,1108DX
T,1108EA,1108EA
T,1108EL,1108GD
T,1108GH,1108GM
T,1108GX,1108HV
T,1108JA,1108JA
T,1109AD,1109BN
T,1109BR,1109BX
T,1109CA,1109CA
T,1109CD,1109CE
T,1109CH,1109CJ
V,1180AA,1180ZZ
V,1181AA,1181ZZ
V,1182AA,1182ZZ
V,1183AA,1183ZZ
V,1184AA,1184ZZ
V,1185AA,1185ZZ
V,1186AA,1186ZZ
V,1187AA,1187ZZ
V,1188AA,1188ZZ
V,1189AA,1189ZZ
